#,Name,Type 1,Type 2,Legendary,Legendary,Total,HP,Attack,Defense,Sp. Atk,Sp. Def,Speed,Generation,Legendary,Legendary
1,Bulbasaur,Grass,Poison,False,False,318,45,49,49,65,65,45,1,False,False
2,Ivysaur,Grass,Poison,False,False,405,60,62,63,80,80,60,1,False,False
3,Venusaur,Grass,Poison,False,False,525,80,82,83,100,100,80,1,False,False
3,VenusaurMega Venusaur,Grass,Poison,False,False,625,80,100,123,122,120,80,1,False,False
4,Charmander,Fire,,False,False,309,39,52,43,60,50,65,1,False,False
5,Charmeleon,Fire,,False,False,405,58,64,58,80,65,80,1,False,False
6,Charizard,Fire,Flying,False,False,534,78,84,78,109,85,100,1,False,False
6,CharizardMega Charizard X,Fire,Dragon,False,False,634,78,130,111,130,85,100,1,False,False
6,CharizardMega Charizard Y,Fire,Flying,False,False,634,78,104,78,159,115,100,1,False,False
7,Squirtle,Water,,False,False,314,44,48,65,50,64,43,1,False,False
8,Wartortle,Water,,False,False,405,59,63,80,65,80,58,1,False,False
9,Blastoise,Water,,False,False,530,79,83,100,85,105,78,1,False,False
9,BlastoiseMega Blastoise,Water,,False,False,630,79,103,120,135,115,78,1,False,False
10,Caterpie,Bug,,False,False,195,45,30,35,20,20,45,1,False,False
11,Metapod,Bug,,False,False,205,50,20,55,25,25,30,1,False,False
12,Butterfree,Bug,Flying,False,False,395,60,45,50,90,80,70,1,False,False
13,Weedle,Bug,Poison,False,False,195,40,35,30,20,20,50,1,False,False
14,Kakuna,Bug,Poison,False,False,205,45,25,50,25,25,35,1,False,False
15,Beedrill,Bug,Poison,False,False,395,65,90,40,45,80,75,1,False,False
15,BeedrillMega Beedrill,Bug,Poison,False,False,495,65,150,40,15,80,145,1,False,False
16,Pidgey,Normal,Flying,False,False,251,40,45,40,35,35,56,1,False,False
17,Pidgeotto,Normal,Flying,False,False,349,63,60,55,50,50,71,1,False,False
18,Pidgeot,Normal,Flying,False,False,479,83,80,75,70,70,101,1,False,False
18,PidgeotMega Pidgeot,Normal,Flying,False,False,579,83,80,80,135,80,121,1,False,False
19,Rattata,Normal,,False,False,253,30,56,35,25,35,72,1,False,False
20,Raticate,Normal,,False,False,413,55,81,60,50,70,97,1,False,False
21,Spearow,Normal,Flying,False,False,262,40,60,30,31,31,70,1,False,False
22,Fearow,Normal,Flying,False,False,442,65,90,65,61,61,100,1,False,False
23,Ekans,Poison,,False,False,288,35,60,44,40,54,55,1,False,False
24,Arbok,Poison,,False,False,438,60,85,69,65,79,80,1,False,False
25,Pikachu,Electric,,False,False,320,35,55,40,50,50,90,1,False,False
26,Raichu,Electric,,False,False,485,60,90,55,90,80,110,1,False,False
27,Sandshrew,Ground,,False,False,300,50,75,85,20,30,40,1,False,False
28,Sandslash,Ground,,False,False,450,75,100,110,45,55,65,1,False,False
29,Nidoran (Female),Poison,,False,False,275,55,47,52,40,40,41,1,False,False
30,Nidorina,Poison,,False,False,365,70,62,67,55,55,56,1,False,False
31,Nidoqueen,Poison,Ground,False,False,505,90,92,87,75,85,76,1,False,False
32,Nidoran (Male),Poison,,False,False,273,46,57,40,40,40,50,1,False,False
33,Nidorino,Poison,,False,False,365,61,72,57,55,55,65,1,False,False
34,Nidoking,Poison,Ground,False,False,505,81,102,77,85,75,85,1,False,False
35,Clefairy,Fairy,,False,False,323,70,45,48,60,65,35,1,False,False
36,Clefable,Fairy,,False,False,483,95,70,73,95,90,60,1,False,False
37,Vulpix,Fire,,False,False,299,38,41,40,50,65,65,1,False,False
38,Ninetales,Fire,,False,False,505,73,76,75,81,100,100,1,False,False
39,Jigglypuff,Normal,Fairy,False,False,270,115,45,20,45,25,20,1,False,False
40,Wigglytuff,Normal,Fairy,False,False,435,140,70,45,85,50,45,1,False,False
41,Zubat,Poison,Flying,False,False,245,40,45,35,30,40,55,1,False,False
42,Golbat,Poison,Flying,False,False,455,75,80,70,65,75,90,1,False,False
43,Oddish,Grass,Poison,False,False,320,45,50,55,75,65,30,1,False,False
44,Gloom,Grass,Poison,False,False,395,60,65,70,85,75,40,1,False,False
45,Vileplume,Grass,Poison,False,False,490,75,80,85,110,90,50,1,False,False
46,Paras,Bug,Grass,False,False,285,35,70,55,45,55,25,1,False,False
47,Parasect,Bug,Grass,False,False,405,60,95,80,60,80,30,1,False,False
48,Venonat,Bug,Poison,False,False,305,60,55,50,40,55,45,1,False,False
49,Venomoth,Bug,Poison,False,False,450,70,65,60,90,75,90,1,False,False
50,Diglett,Ground,,False,False,265,10,55,25,35,45,95,1,False,False
51,Dugtrio,Ground,,False,False,405,35,80,50,50,70,120,1,False,False
52,Meowth,Normal,,False,False,290,40,45,35,40,40,90,1,False,False
53,Persian,Normal,,False,False,440,65,70,60,65,65,115,1,False,False
54,Psyduck,Water,,False,False,320,50,52,48,65,50,55,1,False,False
55,Golduck,Water,,False,False,500,80,82,78,95,80,85,1,False,False
56,Mankey,Fighting,,False,False,305,40,80,35,35,45,70,1,False,False
57,Primeape,Fighting,,False,False,455,65,105,60,60,70,95,1,False,False
58,Growlithe,Fire,,False,False,350,55,70,45,70,50,60,1,False,False
59,Arcanine,Fire,,False,False,555,90,110,80,100,80,95,1,False,False
60,Poliwag,Water,,False,False,300,40,50,40,40,40,90,1,False,False
61,Poliwhirl,Water,,False,False,385,65,65,65,50,50,90,1,False,False
62,Poliwrath,Water,Fighting,False,False,510,90,95,95,70,90,70,1,False,False
63,Abra,Psychic,,False,False,310,25,20,15,105,55,90,1,False,False
64,Kadabra,Psychic,,False,False,400,40,35,30,120,70,105,1,False,False
65,Alakazam,Psychic,,False,False,500,55,50,45,135,95,120,1,False,False
65,AlakazamMega Alakazam,Psychic,,False,False,590,55,50,65,175,95,150,1,False,False
66,Machop,Fighting,,False,False,305,70,80,50,35,35,35,1,False,False
67,Machoke,Fighting,,False,False,405,80,100,70,50,60,45,1,False,False
68,Machamp,Fighting,,False,False,505,90,130,80,65,85,55,1,False,False
69,Bellsprout,Grass,Poison,False,False,300,50,75,35,70,30,40,1,False,False
70,Weepinbell,Grass,Poison,False,False,390,65,90,50,85,45,55,1,False,False
71,Victreebel,Grass,Poison,False,False,490,80,105,65,100,70,70,1,False,False
72,Tentacool,Water,Poison,False,False,335,40,40,35,50,100,70,1,False,False
73,Tentacruel,Water,Poison,False,False,515,80,70,65,80,120,100,1,False,False
74,Geodude,Rock,Ground,False,False,300,40,80,100,30,30,20,1,False,False
75,Graveler,Rock,Ground,False,False,390,55,95,115,45,45,35,1,False,False
76,Golem,Rock,Ground,False,False,495,80,120,130,55,65,45,1,False,False
77,Ponyta,Fire,,False,False,410,50,85,55,65,65,90,1,False,False
78,Rapidash,Fire,,False,False,500,65,100,70,80,80,105,1,False,False
79,Slowpoke,Water,Psychic,False,False,315,90,65,65,40,40,15,1,False,False
80,Slowbro,Water,Psychic,False,False,490,95,75,110,100,80,30,1,False,False
80,SlowbroMega Slowbro,Water,Psychic,False,False,590,95,75,180,130,80,30,1,False,False
81,Magnemite,Electric,Steel,False,False,325,25,35,70,95,55,45,1,False,False
82,Magneton,Electric,Steel,False,False,465,50,60,95,120,70,70,1,False,False
83,Farfetch'd,Normal,Flying,False,False,352,52,65,55,58,62,60,1,False,False
84,Doduo,Normal,Flying,False,False,310,35,85,45,35,35,75,1,False,False
85,Dodrio,Normal,Flying,False,False,460,60,110,70,60,60,100,1,False,False
86,Seel,Water,,False,False,325,65,45,55,45,70,45,1,False,False
87,Dewgong,Water,Ice,False,False,475,90,70,80,70,95,70,1,False,False
88,Grimer,Poison,,False,False,325,80,80,50,40,50,25,1,False,False
89,Muk,Poison,,False,False,500,105,105,75,65,100,50,1,False,False
90,Shellder,Water,,False,False,305,30,65,100,45,25,40,1,False,False
91,Cloyster,Water,Ice,False,False,525,50,95,180,85,45,70,1,False,False
92,Gastly,Ghost,Poison,False,False,310,30,35,30,100,35,80,1,False,False
93,Haunter,Ghost,Poison,False,False,405,45,50,45,115,55,95,1,False,False
94,Gengar,Ghost,Poison,False,False,500,60,65,60,130,75,110,1,False,False
94,GengarMega Gengar,Ghost,Poison,False,False,600,60,65,80,170,95,130,1,False,False
95,Onix,Rock,Ground,False,False,385,35,45,160,30,45,70,1,False,False
96,Drowzee,Psychic,,False,False,328,60,48,45,43,90,42,1,False,False
97,Hypno,Psychic,,False,False,483,85,73,70,73,115,67,1,False,False
98,Krabby,Water,,False,False,325,30,105,90,25,25,50,1,False,False
99,Kingler,Water,,False,False,475,55,130,115,50,50,75,1,False,False
100,Voltorb,Electric,,False,False,330,40,30,50,55,55,100,1,False,False
101,Electrode,Electric,,False,False,480,60,50,70,80,80,140,1,False,False
102,Exeggcute,Grass,Psychic,False,False,325,60,40,80,60,45,40,1,False,False
103,Exeggutor,Grass,Psychic,False,False,520,95,95,85,125,65,55,1,False,False
104,Cubone,Ground,,False,False,320,50,50,95,40,50,35,1,False,False
105,Marowak,Ground,,False,False,425,60,80,110,50,80,45,1,False,False
106,Hitmonlee,Fighting,,False,False,455,50,120,53,35,110,87,1,False,False
107,Hitmonchan,Fighting,,False,False,455,50,105,79,35,110,76,1,False,False
108,Lickitung,Normal,,False,False,385,90,55,75,60,75,30,1,False,False
109,Koffing,Poison,,False,False,340,40,65,95,60,45,35,1,False,False
110,Weezing,Poison,,False,False,490,65,90,120,85,70,60,1,False,False
111,Rhyhorn,Ground,Rock,False,False,345,80,85,95,30,30,25,1,False,False
112,Rhydon,Ground,Rock,False,False,485,105,130,120,45,45,40,1,False,False
113,Chansey,Normal,,False,False,450,250,5,5,35,105,50,1,False,False
114,Tangela,Grass,,False,False,435,65,55,115,100,40,60,1,False,False
115,Kangaskhan,Normal,,False,False,490,105,95,80,40,80,90,1,False,False
115,KangaskhanMega Kangaskhan,Normal,,False,False,590,105,125,100,60,100,100,1,False,False
116,Horsea,Water,,False,False,295,30,40,70,70,25,60,1,False,False
117,Seadra,Water,,False,False,440,55,65,95,95,45,85,1,False,False
118,Goldeen,Water,,False,False,320,45,67,60,35,50,63,1,False,False
119,Seaking,Water,,False,False,450,80,92,65,65,80,68,1,False,False
120,Staryu,Water,,False,False,340,30,45,55,70,55,85,1,False,False
121,Starmie,Water,Psychic,False,False,520,60,75,85,100,85,115,1,False,False
122,Mr. Mime,Psychic,Fairy,False,False,460,40,45,65,100,120,90,1,False,False
123,Scyther,Bug,Flying,False,False,500,70,110,80,55,80,105,1,False,False
124,Jynx,Ice,Psychic,False,False,455,65,50,35,115,95,95,1,False,False
125,Electabuzz,Electric,,False,False,490,65,83,57,95,85,105,1,False,False
126,Magmar,Fire,,False,False,495,65,95,57,100,85,93,1,False,False
127,Pinsir,Bug,,False,False,500,65,125,100,55,70,85,1,False,False
127,PinsirMega Pinsir,Bug,Flying,False,False,600,65,155,120,65,90,105,1,False,False
128,Tauros,Normal,,False,False,490,75,100,95,40,70,110,1,False,False
129,Magikarp,Water,,False,False,200,20,10,55,15,20,80,1,False,False
130,Gyarados,Water,Flying,False,False,540,95,125,79,60,100,81,1,False,False
130,GyaradosMega Gyarados,Water,Dark,False,False,640,95,155,109,70,130,81,1,False,False
131,Lapras,Water,Ice,False,False,535,130,85,80,85,95,60,1,False,False
132,Ditto,Normal,,False,False,288,48,48,48,48,48,48,1,False,False
133,Eevee,Normal,,False,False,325,55,55,50,45,65,55,1,False,False
134,Vaporeon,Water,,False,False,525,130,65,60,110,95,65,1,False,False
135,Jolteon,Electric,,False,False,525,65,65,60,110,95,130,1,False,False
136,Flareon,Fire,,False,False,525,65,130,60,95,110,65,1,False,False
137,Porygon,Normal,,False,False,395,65,60,70,85,75,40,1,False,False
138,Omanyte,Rock,Water,False,False,355,35,40,100,90,55,35,1,False,False
139,Omastar,Rock,Water,False,False,495,70,60,125,115,70,55,1,False,False
140,Kabuto,Rock,Water,False,False,355,30,80,90,55,45,55,1,False,False
141,Kabutops,Rock,Water,False,False,495,60,115,105,65,70,80,1,False,False
142,Aerodactyl,Rock,Flying,False,False,515,80,105,65,60,75,130,1,False,False
142,AerodactylMega Aerodactyl,Rock,Flying,False,False,615,80,135,85,70,95,150,1,False,False
143,Snorlax,Normal,,False,False,540,160,110,65,65,110,30,1,False,False
144,Articuno,Ice,Flying,True,True,580,90,85,100,95,125,85,1,True,True
145,Zapdos,Electric,Flying,True,True,580,90,90,85,125,90,100,1,True,True
146,Moltres,Fire,Flying,True,True,580,90,100,90,125,85,90,1,True,True
147,Dratini,Dragon,,False,False,300,41,64,45,50,50,50,1,False,False
148,Dragonair,Dragon,,False,False,420,61,84,65,70,70,70,1,False,False
149,Dragonite,Dragon,Flying,False,False,600,91,134,95,100,100,80,1,False,False
150,Mewtwo,Psychic,,True,True,680,106,110,90,154,90,130,1,True,True
150,MewtwoMega Mewtwo X,Psychic,Fighting,True,True,780,106,190,100,154,100,130,1,True,True
150,MewtwoMega Mewtwo Y,Psychic,,True,True,780,106,150,70,194,120,140,1,True,True
151,Mew,Psychic,,False,False,600,100,100,100,100,100,100,1,False,False
152,Chikorita,Grass,,False,False,318,45,49,65,49,65,45,2,False,False
153,Bayleef,Grass,,False,False,405,60,62,80,63,80,60,2,False,False
154,Meganium,Grass,,False,False,525,80,82,100,83,100,80,2,False,False
155,Cyndaquil,Fire,,False,False,309,39,52,43,60,50,65,2,False,False
156,Quilava,Fire,,False,False,405,58,64,58,80,65,80,2,False,False
157,Typhlosion,Fire,,False,False,534,78,84,78,109,85,100,2,False,False
158,Totodile,Water,,False,False,314,50,65,64,44,48,43,2,False,False
159,Croconaw,Water,,False,False,405,65,80,80,59,63,58,2,False,False
160,Feraligatr,Water,,False,False,530,85,105,100,79,83,78,2,False,False
161,Sentret,Normal,,False,False,215,35,46,34,35,45,20,2,False,False
162,Furret,Normal,,False,False,415,85,76,64,45,55,90,2,False,False
163,Hoothoot,Normal,Flying,False,False,262,60,30,30,36,56,50,2,False,False
164,Noctowl,Normal,Flying,False,False,442,100,50,50,76,96,70,2,False,False
165,Ledyba,Bug,Flying,False,False,265,40,20,30,40,80,55,2,False,False
166,Ledian,Bug,Flying,False,False,390,55,35,50,55,110,85,2,False,False
167,Spinarak,Bug,Poison,False,False,250,40,60,40,40,40,30,2,False,False
168,Ariados,Bug,Poison,False,False,390,70,90,70,60,60,40,2,False,False
169,Crobat,Poison,Flying,False,False,535,85,90,80,70,80,130,2,False,False
170,Chinchou,Water,Electric,False,False,330,75,38,38,56,56,67,2,False,False
171,Lanturn,Water,Electric,False,False,460,125,58,58,76,76,67,2,False,False
172,Pichu,Electric,,False,False,205,20,40,15,35,35,60,2,False,False
173,Cleffa,Fairy,,False,False,218,50,25,28,45,55,15,2,False,False
174,Igglybuff,Normal,Fairy,False,False,210,90,30,15,40,20,15,2,False,False
175,Togepi,Fairy,,False,False,245,35,20,65,40,65,20,2,False,False
176,Togetic,Fairy,Flying,False,False,405,55,40,85,80,105,40,2,False,False
177,Natu,Psychic,Flying,False,False,320,40,50,45,70,45,70,2,False,False
178,Xatu,Psychic,Flying,False,False,470,65,75,70,95,70,95,2,False,False
179,Mareep,Electric,,False,False,280,55,40,40,65,45,35,2,False,False
180,Flaaffy,Electric,,False,False,365,70,55,55,80,60,45,2,False,False
181,Ampharos,Electric,,False,False,510,90,75,85,115,90,55,2,False,False
181,AmpharosMega Ampharos,Electric,Dragon,False,False,610,90,95,105,165,110,45,2,False,False
182,Bellossom,Grass,,False,False,490,75,80,95,90,100,50,2,False,False
183,Marill,Water,Fairy,False,False,250,70,20,50,20,50,40,2,False,False
184,Azumarill,Water,Fairy,False,False,420,100,50,80,60,80,50,2,False,False
185,Sudowoodo,Rock,,False,False,410,70,100,115,30,65,30,2,False,False
186,Politoed,Water,,False,False,500,90,75,75,90,100,70,2,False,False
187,Hoppip,Grass,Flying,False,False,250,35,35,40,35,55,50,2,False,False
188,Skiploom,Grass,Flying,False,False,340,55,45,50,45,65,80,2,False,False
189,Jumpluff,Grass,Flying,False,False,460,75,55,70,55,95,110,2,False,False
190,Aipom,Normal,,False,False,360,55,70,55,40,55,85,2,False,False
191,Sunkern,Grass,,False,False,180,30,30,30,30,30,30,2,False,False
192,Sunflora,Grass,,False,False,425,75,75,55,105,85,30,2,False,False
193,Yanma,Bug,Flying,False,False,390,65,65,45,75,45,95,2,False,False
194,Wooper,Water,Ground,False,False,210,55,45,45,25,25,15,2,False,False
195,Quagsire,Water,Ground,False,False,430,95,85,85,65,65,35,2,False,False
196,Espeon,Psychic,,False,False,525,65,65,60,130,95,110,2,False,False
197,Umbreon,Dark,,False,False,525,95,65,110,60,130,65,2,False,False
198,Murkrow,Dark,Flying,False,False,405,60,85,42,85,42,91,2,False,False
199,Slowking,Water,Psychic,False,False,490,95,75,80,100,110,30,2,False,False
200,Misdreavus,Ghost,,False,False,435,60,60,60,85,85,85,2,False,False
201,Unown,Psychic,,False,False,336,48,72,48,72,48,48,2,False,False
202,Wobbuffet,Psychic,,False,False,405,190,33,58,33,58,33,2,False,False
203,Girafarig,Normal,Psychic,False,False,455,70,80,65,90,65,85,2,False,False
204,Pineco,Bug,,False,False,290,50,65,90,35,35,15,2,False,False
205,Forretress,Bug,Steel,False,False,465,75,90,140,60,60,40,2,False,False
206,Dunsparce,Normal,,False,False,415,100,70,70,65,65,45,2,False,False
207,Gligar,Ground,Flying,False,False,430,65,75,105,35,65,85,2,False,False
208,Steelix,Steel,Ground,False,False,510,75,85,200,55,65,30,2,False,False
208,SteelixMega Steelix,Steel,Ground,False,False,610,75,125,230,55,95,30,2,False,False
209,Snubbull,Fairy,,False,False,300,60,80,50,40,40,30,2,False,False
210,Granbull,Fairy,,False,False,450,90,120,75,60,60,45,2,False,False
211,Qwilfish,Water,Poison,False,False,430,65,95,75,55,55,85,2,False,False
212,Scizor,Bug,Steel,False,False,500,70,130,100,55,80,65,2,False,False
212,ScizorMega Scizor,Bug,Steel,False,False,600,70,150,140,65,100,75,2,False,False
213,Shuckle,Bug,Rock,False,False,505,20,10,230,10,230,5,2,False,False
214,Heracross,Bug,Fighting,False,False,500,80,125,75,40,95,85,2,False,False
214,HeracrossMega Heracross,Bug,Fighting,False,False,600,80,185,115,40,105,75,2,False,False
215,Sneasel,Dark,Ice,False,False,430,55,95,55,35,75,115,2,False,False
216,Teddiursa,Normal,,False,False,330,60,80,50,50,50,40,2,False,False
217,Ursaring,Normal,,False,False,500,90,130,75,75,75,55,2,False,False
218,Slugma,Fire,,False,False,250,40,40,40,70,40,20,2,False,False
219,Magcargo,Fire,Rock,False,False,410,50,50,120,80,80,30,2,False,False
220,Swinub,Ice,Ground,False,False,250,50,50,40,30,30,50,2,False,False
221,Piloswine,Ice,Ground,False,False,450,100,100,80,60,60,50,2,False,False
222,Corsola,Water,Rock,False,False,380,55,55,85,65,85,35,2,False,False
223,Remoraid,Water,,False,False,300,35,65,35,65,35,65,2,False,False
224,Octillery,Water,,False,False,480,75,105,75,105,75,45,2,False,False
225,Delibird,Ice,Flying,False,False,330,45,55,45,65,45,75,2,False,False
226,Mantine,Water,Flying,False,False,465,65,40,70,80,140,70,2,False,False
227,Skarmory,Steel,Flying,False,False,465,65,80,140,40,70,70,2,False,False
228,Houndour,Dark,Fire,False,False,330,45,60,30,80,50,65,2,False,False
229,Houndoom,Dark,Fire,False,False,500,75,90,50,110,80,95,2,False,False
229,HoundoomMega Houndoom,Dark,Fire,False,False,600,75,90,90,140,90,115,2,False,False
230,Kingdra,Water,Dragon,False,False,540,75,95,95,95,95,85,2,False,False
231,Phanpy,Ground,,False,False,330,90,60,60,40,40,40,2,False,False
232,Donphan,Ground,,False,False,500,90,120,120,60,60,50,2,False,False
233,Porygon2,Normal,,False,False,515,85,80,90,105,95,60,2,False,False
234,Stantler,Normal,,False,False,465,73,95,62,85,65,85,2,False,False
235,Smeargle,Normal,,False,False,250,55,20,35,20,45,75,2,False,False
236,Tyrogue,Fighting,,False,False,210,35,35,35,35,35,35,2,False,False
237,Hitmontop,Fighting,,False,False,455,50,95,95,35,110,70,2,False,False
238,Smoochum,Ice,Psychic,False,False,305,45,30,15,85,65,65,2,False,False
239,Elekid,Electric,,False,False,360,45,63,37,65,55,95,2,False,False
240,Magby,Fire,,False,False,365,45,75,37,70,55,83,2,False,False
241,Miltank,Normal,,False,False,490,95,80,105,40,70,100,2,False,False
242,Blissey,Normal,,False,False,540,255,10,10,75,135,55,2,False,False
243,Raikou,Electric,,True,True,580,90,85,75,115,100,115,2,True,True
244,Entei,Fire,,True,True,580,115,115,85,90,75,100,2,True,True
245,Suicune,Water,,True,True,580,100,75,115,90,115,85,2,True,True
246,Larvitar,Rock,Ground,False,False,300,50,64,50,45,50,41,2,False,False
247,Pupitar,Rock,Ground,False,False,410,70,84,70,65,70,51,2,False,False
248,Tyranitar,Rock,Dark,False,False,600,100,134,110,95,100,61,2,False,False
248,TyranitarMega Tyranitar,Rock,Dark,False,False,700,100,164,150,95,120,71,2,False,False
249,Lugia,Psychic,Flying,True,True,680,106,90,130,90,154,110,2,True,True
250,Ho-oh,Fire,Flying,True,True,680,106,130,90,110,154,90,2,True,True
251,Celebi,Psychic,Grass,False,False,600,100,100,100,100,100,100,2,False,False
252,Treecko,Grass,,False,False,310,40,45,35,65,55,70,3,False,False
253,Grovyle,Grass,,False,False,405,50,65,45,85,65,95,3,False,False
254,Sceptile,Grass,,False,False,530,70,85,65,105,85,120,3,False,False
254,SceptileMega Sceptile,Grass,Dragon,False,False,630,70,110,75,145,85,145,3,False,False
255,Torchic,Fire,,False,False,310,45,60,40,70,50,45,3,False,False
256,Combusken,Fire,Fighting,False,False,405,60,85,60,85,60,55,3,False,False
257,Blaziken,Fire,Fighting,False,False,530,80,120,70,110,70,80,3,False,False
257,BlazikenMega Blaziken,Fire,Fighting,False,False,630,80,160,80,130,80,100,3,False,False
258,Mudkip,Water,,False,False,310,50,70,50,50,50,40,3,False,False
259,Marshtomp,Water,Ground,False,False,405,70,85,70,60,70,50,3,False,False
260,Swampert,Water,Ground,False,False,535,100,110,90,85,90,60,3,False,False
260,SwampertMega Swampert,Water,Ground,False,False,635,100,150,110,95,110,70,3,False,False
261,Poochyena,Dark,,False,False,220,35,55,35,30,30,35,3,False,False
262,Mightyena,Dark,,False,False,420,70,90,70,60,60,70,3,False,False
263,Zigzagoon,Normal,,False,False,240,38,30,41,30,41,60,3,False,False
264,Linoone,Normal,,False,False,420,78,70,61,50,61,100,3,False,False
265,Wurmple,Bug,,False,False,195,45,45,35,20,30,20,3,False,False
266,Silcoon,Bug,,False,False,205,50,35,55,25,25,15,3,False,False
267,Beautifly,Bug,Flying,False,False,395,60,70,50,100,50,65,3,False,False
268,Cascoon,Bug,,False,False,205,50,35,55,25,25,15,3,False,False
269,Dustox,Bug,Poison,False,False,385,60,50,70,50,90,65,3,False,False
270,Lotad,Water,Grass,False,False,220,40,30,30,40,50,30,3,False,False
271,Lombre,Water,Grass,False,False,340,60,50,50,60,70,50,3,False,False
272,Ludicolo,Water,Grass,False,False,480,80,70,70,90,100,70,3,False,False
273,Seedot,Grass,,False,False,220,40,40,50,30,30,30,3,False,False
274,Nuzleaf,Grass,Dark,False,False,340,70,70,40,60,40,60,3,False,False
275,Shiftry,Grass,Dark,False,False,480,90,100,60,90,60,80,3,False,False
276,Taillow,Normal,Flying,False,False,270,40,55,30,30,30,85,3,False,False
277,Swellow,Normal,Flying,False,False,430,60,85,60,50,50,125,3,False,False
278,Wingull,Water,Flying,False,False,270,40,30,30,55,30,85,3,False,False
279,Pelipper,Water,Flying,False,False,430,60,50,100,85,70,65,3,False,False
280,Ralts,Psychic,Fairy,False,False,198,28,25,25,45,35,40,3,False,False
281,Kirlia,Psychic,Fairy,False,False,278,38,35,35,65,55,50,3,False,False
282,Gardevoir,Psychic,Fairy,False,False,518,68,65,65,125,115,80,3,False,False
282,GardevoirMega Gardevoir,Psychic,Fairy,False,False,618,68,85,65,165,135,100,3,False,False
283,Surskit,Bug,Water,False,False,269,40,30,32,50,52,65,3,False,False
284,Masquerain,Bug,Flying,False,False,414,70,60,62,80,82,60,3,False,False
285,Shroomish,Grass,,False,False,295,60,40,60,40,60,35,3,False,False
286,Breloom,Grass,Fighting,False,False,460,60,130,80,60,60,70,3,False,False
287,Slakoth,Normal,,False,False,280,60,60,60,35,35,30,3,False,False
288,Vigoroth,Normal,,False,False,440,80,80,80,55,55,90,3,False,False
289,Slaking,Normal,,False,False,670,150,160,100,95,65,100,3,False,False
290,Nincada,Bug,Ground,False,False,266,31,45,90,30,30,40,3,False,False
291,Ninjask,Bug,Flying,False,False,456,61,90,45,50,50,160,3,False,False
292,Shedinja,Bug,Ghost,False,False,236,1,90,45,30,30,40,3,False,False
293,Whismur,Normal,,False,False,240,64,51,23,51,23,28,3,False,False
294,Loudred,Normal,,False,False,360,84,71,43,71,43,48,3,False,False
295,Exploud,Normal,,False,False,490,104,91,63,91,73,68,3,False,False
296,Makuhita,Fighting,,False,False,237,72,60,30,20,30,25,3,False,False
297,Hariyama,Fighting,,False,False,474,144,120,60,40,60,50,3,False,False
298,Azurill,Normal,Fairy,False,False,190,50,20,40,20,40,20,3,False,False
299,Nosepass,Rock,,False,False,375,30,45,135,45,90,30,3,False,False
300,Skitty,Normal,,False,False,260,50,45,45,35,35,50,3,False,False
301,Delcatty,Normal,,False,False,380,70,65,65,55,55,70,3,False,False
302,Sableye,Dark,Ghost,False,False,380,50,75,75,65,65,50,3,False,False
302,SableyeMega Sableye,Dark,Ghost,False,False,480,50,85,125,85,115,20,3,False,False
303,Mawile,Steel,Fairy,False,False,380,50,85,85,55,55,50,3,False,False
303,MawileMega Mawile,Steel,Fairy,False,False,480,50,105,125,55,95,50,3,False,False
304,Aron,Steel,Rock,False,False,330,50,70,100,40,40,30,3,False,False
305,Lairon,Steel,Rock,False,False,430,60,90,140,50,50,40,3,False,False
306,Aggron,Steel,Rock,False,False,530,70,110,180,60,60,50,3,False,False
306,AggronMega Aggron,Steel,,False,False,630,70,140,230,60,80,50,3,False,False
307,Meditite,Fighting,Psychic,False,False,280,30,40,55,40,55,60,3,False,False
308,Medicham,Fighting,Psychic,False,False,410,60,60,75,60,75,80,3,False,False
308,MedichamMega Medicham,Fighting,Psychic,False,False,510,60,100,85,80,85,100,3,False,False
309,Electrike,Electric,,False,False,295,40,45,40,65,40,65,3,False,False
310,Manectric,Electric,,False,False,475,70,75,60,105,60,105,3,False,False
310,ManectricMega Manectric,Electric,,False,False,575,70,75,80,135,80,135,3,False,False
311,Plusle,Electric,,False,False,405,60,50,40,85,75,95,3,False,False
312,Minun,Electric,,False,False,405,60,40,50,75,85,95,3,False,False
313,Volbeat,Bug,,False,False,400,65,73,55,47,75,85,3,False,False
314,Illumise,Bug,,False,False,400,65,47,55,73,75,85,3,False,False
315,Roselia,Grass,Poison,False,False,400,50,60,45,100,80,65,3,False,False
316,Gulpin,Poison,,False,False,302,70,43,53,43,53,40,3,False,False
317,Swalot,Poison,,False,False,467,100,73,83,73,83,55,3,False,False
318,Carvanha,Water,Dark,False,False,305,45,90,20,65,20,65,3,False,False
319,Sharpedo,Water,Dark,False,False,460,70,120,40,95,40,95,3,False,False
319,SharpedoMega Sharpedo,Water,Dark,False,False,560,70,140,70,110,65,105,3,False,False
320,Wailmer,Water,,False,False,400,130,70,35,70,35,60,3,False,False
321,Wailord,Water,,False,False,500,170,90,45,90,45,60,3,False,False
322,Numel,Fire,Ground,False,False,305,60,60,40,65,45,35,3,False,False
323,Camerupt,Fire,Ground,False,False,460,70,100,70,105,75,40,3,False,False
323,CameruptMega Camerupt,Fire,Ground,False,False,560,70,120,100,145,105,20,3,False,False
324,Torkoal,Fire,,False,False,470,70,85,140,85,70,20,3,False,False
325,Spoink,Psychic,,False,False,330,60,25,35,70,80,60,3,False,False
326,Grumpig,Psychic,,False,False,470,80,45,65,90,110,80,3,False,False
327,Spinda,Normal,,False,False,360,60,60,60,60,60,60,3,False,False
328,Trapinch,Ground,,False,False,290,45,100,45,45,45,10,3,False,False
329,Vibrava,Ground,Dragon,False,False,340,50,70,50,50,50,70,3,False,False
330,Flygon,Ground,Dragon,False,False,520,80,100,80,80,80,100,3,False,False
331,Cacnea,Grass,,False,False,335,50,85,40,85,40,35,3,False,False
332,Cacturne,Grass,Dark,False,False,475,70,115,60,115,60,55,3,False,False
333,Swablu,Normal,Flying,False,False,310,45,40,60,40,75,50,3,False,False
334,Altaria,Dragon,Flying,False,False,490,75,70,90,70,105,80,3,False,False
334,AltariaMega Altaria,Dragon,Fairy,False,False,590,75,110,110,110,105,80,3,False,False
335,Zangoose,Normal,,False,False,458,73,115,60,60,60,90,3,False,False
336,Seviper,Poison,,False,False,458,73,100,60,100,60,65,3,False,False
337,Lunatone,Rock,Psychic,False,False,440,70,55,65,95,85,70,3,False,False
338,Solrock,Rock,Psychic,False,False,440,70,95,85,55,65,70,3,False,False
339,Barboach,Water,Ground,False,False,288,50,48,43,46,41,60,3,False,False
340,Whiscash,Water,Ground,False,False,468,110,78,73,76,71,60,3,False,False
341,Corphish,Water,,False,False,308,43,80,65,50,35,35,3,False,False
342,Crawdaunt,Water,Dark,False,False,468,63,120,85,90,55,55,3,False,False
343,Baltoy,Ground,Psychic,False,False,300,40,40,55,40,70,55,3,False,False
344,Claydol,Ground,Psychic,False,False,500,60,70,105,70,120,75,3,False,False
345,Lileep,Rock,Grass,False,False,355,66,41,77,61,87,23,3,False,False
346,Cradily,Rock,Grass,False,False,495,86,81,97,81,107,43,3,False,False
347,Anorith,Rock,Bug,False,False,355,45,95,50,40,50,75,3,False,False
348,Armaldo,Rock,Bug,False,False,495,75,125,100,70,80,45,3,False,False
349,Feebas,Water,,False,False,200,20,15,20,10,55,80,3,False,False
350,Milotic,Water,,False,False,540,95,60,79,100,125,81,3,False,False
351,Castform,Normal,,False,False,420,70,70,70,70,70,70,3,False,False
352,Kecleon,Normal,,False,False,440,60,90,70,60,120,40,3,False,False
353,Shuppet,Ghost,,False,False,295,44,75,35,63,33,45,3,False,False
354,Banette,Ghost,,False,False,455,64,115,65,83,63,65,3,False,False
354,BanetteMega Banette,Ghost,,False,False,555,64,165,75,93,83,75,3,False,False
355,Duskull,Ghost,,False,False,295,20,40,90,30,90,25,3,False,False
356,Dusclops,Ghost,,False,False,455,40,70,130,60,130,25,3,False,False
357,Tropius,Grass,Flying,False,False,460,99,68,83,72,87,51,3,False,False
358,Chimecho,Psychic,,False,False,425,65,50,70,95,80,65,3,False,False
359,Absol,Dark,,False,False,465,65,130,60,75,60,75,3,False,False
359,AbsolMega Absol,Dark,,False,False,565,65,150,60,115,60,115,3,False,False
360,Wynaut,Psychic,,False,False,260,95,23,48,23,48,23,3,False,False
361,Snorunt,Ice,,False,False,300,50,50,50,50,50,50,3,False,False
362,Glalie,Ice,,False,False,480,80,80,80,80,80,80,3,False,False
362,GlalieMega Glalie,Ice,,False,False,580,80,120,80,120,80,100,3,False,False
363,Spheal,Ice,Water,False,False,290,70,40,50,55,50,25,3,False,False
364,Sealeo,Ice,Water,False,False,410,90,60,70,75,70,45,3,False,False
365,Walrein,Ice,Water,False,False,530,110,80,90,95,90,65,3,False,False
366,Clamperl,Water,,False,False,345,35,64,85,74,55,32,3,False,False
367,Huntail,Water,,False,False,485,55,104,105,94,75,52,3,False,False
368,Gorebyss,Water,,False,False,485,55,84,105,114,75,52,3,False,False
369,Relicanth,Water,Rock,False,False,485,100,90,130,45,65,55,3,False,False
370,Luvdisc,Water,,False,False,330,43,30,55,40,65,97,3,False,False
371,Bagon,Dragon,,False,False,300,45,75,60,40,30,50,3,False,False
372,Shelgon,Dragon,,False,False,420,65,95,100,60,50,50,3,False,False
373,Salamence,Dragon,Flying,False,False,600,95,135,80,110,80,100,3,False,False
373,SalamenceMega Salamence,Dragon,Flying,False,False,700,95,145,130,120,90,120,3,False,False
374,Beldum,Steel,Psychic,False,False,300,40,55,80,35,60,30,3,False,False
375,Metang,Steel,Psychic,False,False,420,60,75,100,55,80,50,3,False,False
376,Metagross,Steel,Psychic,False,False,600,80,135,130,95,90,70,3,False,False
376,MetagrossMega Metagross,Steel,Psychic,False,False,700,80,145,150,105,110,110,3,False,False
377,Regirock,Rock,,True,True,580,80,100,200,50,100,50,3,True,True
378,Regice,Ice,,True,True,580,80,50,100,100,200,50,3,True,True
379,Registeel,Steel,,True,True,580,80,75,150,75,150,50,3,True,True
380,Latias,Dragon,Psychic,True,True,600,80,80,90,110,130,110,3,True,True
380,LatiasMega Latias,Dragon,Psychic,True,True,700,80,100,120,140,150,110,3,True,True
381,Latios,Dragon,Psychic,True,True,600,80,90,80,130,110,110,3,True,True
381,LatiosMega Latios,Dragon,Psychic,True,True,700,80,130,100,160,120,110,3,True,True
382,Kyogre,Water,,True,True,670,100,100,90,150,140,90,3,True,True
382,KyogrePrimal Kyogre,Water,,True,True,770,100,150,90,180,160,90,3,True,True
383,Groudon,Ground,,True,True,670,100,150,140,100,90,90,3,True,True
383,GroudonPrimal Groudon,Ground,Fire,True,True,770,100,180,160,150,90,90,3,True,True
384,Rayquaza,Dragon,Flying,True,True,680,105,150,90,150,90,95,3,True,True
384,RayquazaMega Rayquaza,Dragon,Flying,True,True,780,105,180,100,180,100,115,3,True,True
385,Jirachi,Steel,Psychic,True,True,600,100,100,100,100,100,100,3,True,True
386,DeoxysNormal Forme,Psychic,,True,True,600,50,150,50,150,50,150,3,True,True
386,DeoxysAttack Forme,Psychic,,True,True,600,50,180,20,180,20,150,3,True,True
386,DeoxysDefense Forme,Psychic,,True,True,600,50,70,160,70,160,90,3,True,True
386,DeoxysSpeed Forme,Psychic,,True,True,600,50,95,90,95,90,180,3,True,True
387,Turtwig,Grass,,False,False,318,55,68,64,45,55,31,4,False,False
388,Grotle,Grass,,False,False,405,75,89,85,55,65,36,4,False,False
389,Torterra,Grass,Ground,False,False,525,95,109,105,75,85,56,4,False,False
390,Chimchar,Fire,,False,False,309,44,58,44,58,44,61,4,False,False
391,Monferno,Fire,Fighting,False,False,405,64,78,52,78,52,81,4,False,False
392,Infernape,Fire,Fighting,False,False,534,76,104,71,104,71,108,4,False,False
393,Piplup,Water,,False,False,314,53,51,53,61,56,40,4,False,False
394,Prinplup,Water,,False,False,405,64,66,68,81,76,50,4,False,False
395,Empoleon,Water,Steel,False,False,530,84,86,88,111,101,60,4,False,False
396,Starly,Normal,Flying,False,False,245,40,55,30,30,30,60,4,False,False
397,Staravia,Normal,Flying,False,False,340,55,75,50,40,40,80,4,False,False
398,Staraptor,Normal,Flying,False,False,485,85,120,70,50,60,100,4,False,False
399,Bidoof,Normal,,False,False,250,59,45,40,35,40,31,4,False,False
400,Bibarel,Normal,Water,False,False,410,79,85,60,55,60,71,4,False,False
401,Kricketot,Bug,,False,False,194,37,25,41,25,41,25,4,False,False
402,Kricketune,Bug,,False,False,384,77,85,51,55,51,65,4,False,False
403,Shinx,Electric,,False,False,263,45,65,34,40,34,45,4,False,False
404,Luxio,Electric,,False,False,363,60,85,49,60,49,60,4,False,False
405,Luxray,Electric,,False,False,523,80,120,79,95,79,70,4,False,False
406,Budew,Grass,Poison,False,False,280,40,30,35,50,70,55,4,False,False
407,Roserade,Grass,Poison,False,False,515,60,70,65,125,105,90,4,False,False
408,Cranidos,Rock,,False,False,350,67,125,40,30,30,58,4,False,False
409,Rampardos,Rock,,False,False,495,97,165,60,65,50,58,4,False,False
410,Shieldon,Rock,Steel,False,False,350,30,42,118,42,88,30,4,False,False
411,Bastiodon,Rock,Steel,False,False,495,60,52,168,47,138,30,4,False,False
412,Burmy,Bug,,False,False,224,40,29,45,29,45,36,4,False,False
413,WormadamPlant Cloak,Bug,Grass,False,False,424,60,59,85,79,105,36,4,False,False
413,WormadamSandy Cloak,Bug,Ground,False,False,424,60,79,105,59,85,36,4,False,False
413,WormadamTrash Cloak,Bug,Steel,False,False,424,60,69,95,69,95,36,4,False,False
414,Mothim,Bug,Flying,False,False,424,70,94,50,94,50,66,4,False,False
415,Combee,Bug,Flying,False,False,244,30,30,42,30,42,70,4,False,False
416,Vespiquen,Bug,Flying,False,False,474,70,80,102,80,102,40,4,False,False
417,Pachirisu,Electric,,False,False,405,60,45,70,45,90,95,4,False,False
418,Buizel,Water,,False,False,330,55,65,35,60,30,85,4,False,False
419,Floatzel,Water,,False,False,495,85,105,55,85,50,115,4,False,False
420,Cherubi,Grass,,False,False,275,45,35,45,62,53,35,4,False,False
421,Cherrim,Grass,,False,False,450,70,60,70,87,78,85,4,False,False
422,Shellos,Water,,False,False,325,76,48,48,57,62,34,4,False,False
423,Gastrodon,Water,Ground,False,False,475,111,83,68,92,82,39,4,False,False
424,Ambipom,Normal,,False,False,482,75,100,66,60,66,115,4,False,False
425,Drifloon,Ghost,Flying,False,False,348,90,50,34,60,44,70,4,False,False
426,Drifblim,Ghost,Flying,False,False,498,150,80,44,90,54,80,4,False,False
427,Buneary,Normal,,False,False,350,55,66,44,44,56,85,4,False,False
428,Lopunny,Normal,,False,False,480,65,76,84,54,96,105,4,False,False
428,LopunnyMega Lopunny,Normal,Fighting,False,False,580,65,136,94,54,96,135,4,False,False
429,Mismagius,Ghost,,False,False,495,60,60,60,105,105,105,4,False,False
430,Honchkrow,Dark,Flying,False,False,505,100,125,52,105,52,71,4,False,False
431,Glameow,Normal,,False,False,310,49,55,42,42,37,85,4,False,False
432,Purugly,Normal,,False,False,452,71,82,64,64,59,112,4,False,False
433,Chingling,Psychic,,False,False,285,45,30,50,65,50,45,4,False,False
434,Stunky,Poison,Dark,False,False,329,63,63,47,41,41,74,4,False,False
435,Skuntank,Poison,Dark,False,False,479,103,93,67,71,61,84,4,False,False
436,Bronzor,Steel,Psychic,False,False,300,57,24,86,24,86,23,4,False,False
437,Bronzong,Steel,Psychic,False,False,500,67,89,116,79,116,33,4,False,False
438,Bonsly,Rock,,False,False,290,50,80,95,10,45,10,4,False,False
439,Mime Jr.,Psychic,Fairy,False,False,310,20,25,45,70,90,60,4,False,False
440,Happiny,Normal,,False,False,220,100,5,5,15,65,30,4,False,False
441,Chatot,Normal,Flying,False,False,411,76,65,45,92,42,91,4,False,False
442,Spiritomb,Ghost,Dark,False,False,485,50,92,108,92,108,35,4,False,False
443,Gible,Dragon,Ground,False,False,300,58,70,45,40,45,42,4,False,False
444,Gabite,Dragon,Ground,False,False,410,68,90,65,50,55,82,4,False,False
445,Garchomp,Dragon,Ground,False,False,600,108,130,95,80,85,102,4,False,False
445,GarchompMega Garchomp,Dragon,Ground,False,False,700,108,170,115,120,95,92,4,False,False
446,Munchlax,Normal,,False,False,390,135,85,40,40,85,5,4,False,False
447,Riolu,Fighting,,False,False,285,40,70,40,35,40,60,4,False,False
448,Lucario,Fighting,Steel,False,False,525,70,110,70,115,70,90,4,False,False
448,LucarioMega Lucario,Fighting,Steel,False,False,625,70,145,88,140,70,112,4,False,False
449,Hippopotas,Ground,,False,False,330,68,72,78,38,42,32,4,False,False
450,Hippowdon,Ground,,False,False,525,108,112,118,68,72,47,4,False,False
451,Skorupi,Poison,Bug,False,False,330,40,50,90,30,55,65,4,False,False
452,Drapion,Poison,Dark,False,False,500,70,90,110,60,75,95,4,False,False
453,Croagunk,Poison,Fighting,False,False,300,48,61,40,61,40,50,4,False,False
454,Toxicroak,Poison,Fighting,False,False,490,83,106,65,86,65,85,4,False,False
455,Carnivine,Grass,,False,False,454,74,100,72,90,72,46,4,False,False
456,Finneon,Water,,False,False,330,49,49,56,49,61,66,4,False,False
457,Lumineon,Water,,False,False,460,69,69,76,69,86,91,4,False,False
458,Mantyke,Water,Flying,False,False,345,45,20,50,60,120,50,4,False,False
459,Snover,Grass,Ice,False,False,334,60,62,50,62,60,40,4,False,False
460,Abomasnow,Grass,Ice,False,False,494,90,92,75,92,85,60,4,False,False
460,AbomasnowMega Abomasnow,Grass,Ice,False,False,594,90,132,105,132,105,30,4,False,False
461,Weavile,Dark,Ice,False,False,510,70,120,65,45,85,125,4,False,False
462,Magnezone,Electric,Steel,False,False,535,70,70,115,130,90,60,4,False,False
463,Lickilicky,Normal,,False,False,515,110,85,95,80,95,50,4,False,False
464,Rhyperior,Ground,Rock,False,False,535,115,140,130,55,55,40,4,False,False
465,Tangrowth,Grass,,False,False,535,100,100,125,110,50,50,4,False,False
466,Electivire,Electric,,False,False,540,75,123,67,95,85,95,4,False,False
467,Magmortar,Fire,,False,False,540,75,95,67,125,95,83,4,False,False
468,Togekiss,Fairy,Flying,False,False,545,85,50,95,120,115,80,4,False,False
469,Yanmega,Bug,Flying,False,False,515,86,76,86,116,56,95,4,False,False
470,Leafeon,Grass,,False,False,525,65,110,130,60,65,95,4,False,False
471,Glaceon,Ice,,False,False,525,65,60,110,130,95,65,4,False,False
472,Gliscor,Ground,Flying,False,False,510,75,95,125,45,75,95,4,False,False
473,Mamoswine,Ice,Ground,False,False,530,110,130,80,70,60,80,4,False,False
474,Porygon-Z,Normal,,False,False,535,85,80,70,135,75,90,4,False,False
475,Gallade,Psychic,Fighting,False,False,518,68,125,65,65,115,80,4,False,False
475,GalladeMega Gallade,Psychic,Fighting,False,False,618,68,165,95,65,115,110,4,False,False
476,Probopass,Rock,Steel,False,False,525,60,55,145,75,150,40,4,False,False
477,Dusknoir,Ghost,,False,False,525,45,100,135,65,135,45,4,False,False
478,Froslass,Ice,Ghost,False,False,480,70,80,70,80,70,110,4,False,False
479,Rotom,Electric,Ghost,False,False,440,50,50,77,95,77,91,4,False,False
479,RotomHeat Rotom,Electric,Fire,False,False,520,50,65,107,105,107,86,4,False,False
479,RotomWash Rotom,Electric,Water,False,False,520,50,65,107,105,107,86,4,False,False
479,RotomFrost Rotom,Electric,Ice,False,False,520,50,65,107,105,107,86,4,False,False
479,RotomFan Rotom,Electric,Flying,False,False,520,50,65,107,105,107,86,4,False,False
479,RotomMow Rotom,Electric,Grass,False,False,520,50,65,107,105,107,86,4,False,False
480,Uxie,Psychic,,True,True,580,75,75,130,75,130,95,4,True,True
481,Mesprit,Psychic,,True,True,580,80,105,105,105,105,80,4,True,True
482,Azelf,Psychic,,True,True,580,75,125,70,125,70,115,4,True,True
483,Dialga,Steel,Dragon,True,True,680,100,120,120,150,100,90,4,True,True
484,Palkia,Water,Dragon,True,True,680,90,120,100,150,120,100,4,True,True
485,Heatran,Fire,Steel,True,True,600,91,90,106,130,106,77,4,True,True
486,Regigigas,Normal,,True,True,670,110,160,110,80,110,100,4,True,True
487,GiratinaAltered Forme,Ghost,Dragon,True,True,680,150,100,120,100,120,90,4,True,True
487,GiratinaOrigin Forme,Ghost,Dragon,True,True,680,150,120,100,120,100,90,4,True,True
488,Cresselia,Psychic,,False,False,600,120,70,120,75,130,85,4,False,False
489,Phione,Water,,False,False,480,80,80,80,80,80,80,4,False,False
490,Manaphy,Water,,False,False,600,100,100,100,100,100,100,4,False,False
491,Darkrai,Dark,,True,True,600,70,90,90,135,90,125,4,True,True
492,ShayminLand Forme,Grass,,True,True,600,100,100,100,100,100,100,4,True,True
492,ShayminSky Forme,Grass,Flying,True,True,600,100,103,75,120,75,127,4,True,True
493,Arceus,Normal,,True,True,720,120,120,120,120,120,120,4,True,True
494,Victini,Psychic,Fire,True,True,600,100,100,100,100,100,100,5,True,True
495,Snivy,Grass,,False,False,308,45,45,55,45,55,63,5,False,False
496,Servine,Grass,,False,False,413,60,60,75,60,75,83,5,False,False
497,Serperior,Grass,,False,False,528,75,75,95,75,95,113,5,False,False
498,Tepig,Fire,,False,False,308,65,63,45,45,45,45,5,False,False
499,Pignite,Fire,Fighting,False,False,418,90,93,55,70,55,55,5,False,False
500,Emboar,Fire,Fighting,False,False,528,110,123,65,100,65,65,5,False,False
501,Oshawott,Water,,False,False,308,55,55,45,63,45,45,5,False,False
502,Dewott,Water,,False,False,413,75,75,60,83,60,60,5,False,False
503,Samurott,Water,,False,False,528,95,100,85,108,70,70,5,False,False
504,Patrat,Normal,,False,False,255,45,55,39,35,39,42,5,False,False
505,Watchog,Normal,,False,False,420,60,85,69,60,69,77,5,False,False
506,Lillipup,Normal,,False,False,275,45,60,45,25,45,55,5,False,False
507,Herdier,Normal,,False,False,370,65,80,65,35,65,60,5,False,False
508,Stoutland,Normal,,False,False,500,85,110,90,45,90,80,5,False,False
509,Purrloin,Dark,,False,False,281,41,50,37,50,37,66,5,False,False
510,Liepard,Dark,,False,False,446,64,88,50,88,50,106,5,False,False
511,Pansage,Grass,,False,False,316,50,53,48,53,48,64,5,False,False
512,Simisage,Grass,,False,False,498,75,98,63,98,63,101,5,False,False
513,Pansear,Fire,,False,False,316,50,53,48,53,48,64,5,False,False
514,Simisear,Fire,,False,False,498,75,98,63,98,63,101,5,False,False
515,Panpour,Water,,False,False,316,50,53,48,53,48,64,5,False,False
516,Simipour,Water,,False,False,498,75,98,63,98,63,101,5,False,False
517,Munna,Psychic,,False,False,292,76,25,45,67,55,24,5,False,False
518,Musharna,Psychic,,False,False,487,116,55,85,107,95,29,5,False,False
519,Pidove,Normal,Flying,False,False,264,50,55,50,36,30,43,5,False,False
520,Tranquill,Normal,Flying,False,False,358,62,77,62,50,42,65,5,False,False
521,Unfezant,Normal,Flying,False,False,488,80,115,80,65,55,93,5,False,False
522,Blitzle,Electric,,False,False,295,45,60,32,50,32,76,5,False,False
523,Zebstrika,Electric,,False,False,497,75,100,63,80,63,116,5,False,False
524,Roggenrola,Rock,,False,False,280,55,75,85,25,25,15,5,False,False
525,Boldore,Rock,,False,False,390,70,105,105,50,40,20,5,False,False
526,Gigalith,Rock,,False,False,515,85,135,130,60,80,25,5,False,False
527,Woobat,Psychic,Flying,False,False,313,55,45,43,55,43,72,5,False,False
528,Swoobat,Psychic,Flying,False,False,425,67,57,55,77,55,114,5,False,False
529,Drilbur,Ground,,False,False,328,60,85,40,30,45,68,5,False,False
530,Excadrill,Ground,Steel,False,False,508,110,135,60,50,65,88,5,False,False
531,Audino,Normal,,False,False,445,103,60,86,60,86,50,5,False,False
531,AudinoMega Audino,Normal,Fairy,False,False,545,103,60,126,80,126,50,5,False,False
532,Timburr,Fighting,,False,False,305,75,80,55,25,35,35,5,False,False
533,Gurdurr,Fighting,,False,False,405,85,105,85,40,50,40,5,False,False
534,Conkeldurr,Fighting,,False,False,505,105,140,95,55,65,45,5,False,False
535,Tympole,Water,,False,False,294,50,50,40,50,40,64,5,False,False
536,Palpitoad,Water,Ground,False,False,384,75,65,55,65,55,69,5,False,False
537,Seismitoad,Water,Ground,False,False,509,105,95,75,85,75,74,5,False,False
538,Throh,Fighting,,False,False,465,120,100,85,30,85,45,5,False,False
539,Sawk,Fighting,,False,False,465,75,125,75,30,75,85,5,False,False
540,Sewaddle,Bug,Grass,False,False,310,45,53,70,40,60,42,5,False,False
541,Swadloon,Bug,Grass,False,False,380,55,63,90,50,80,42,5,False,False
542,Leavanny,Bug,Grass,False,False,500,75,103,80,70,80,92,5,False,False
543,Venipede,Bug,Poison,False,False,260,30,45,59,30,39,57,5,False,False
544,Whirlipede,Bug,Poison,False,False,360,40,55,99,40,79,47,5,False,False
545,Scolipede,Bug,Poison,False,False,485,60,100,89,55,69,112,5,False,False
546,Cottonee,Grass,Fairy,False,False,280,40,27,60,37,50,66,5,False,False
547,Whimsicott,Grass,Fairy,False,False,480,60,67,85,77,75,116,5,False,False
548,Petilil,Grass,,False,False,280,45,35,50,70,50,30,5,False,False
549,Lilligant,Grass,,False,False,480,70,60,75,110,75,90,5,False,False
550,Basculin,Water,,False,False,460,70,92,65,80,55,98,5,False,False
551,Sandile,Ground,Dark,False,False,292,50,72,35,35,35,65,5,False,False
552,Krokorok,Ground,Dark,False,False,351,60,82,45,45,45,74,5,False,False
553,Krookodile,Ground,Dark,False,False,519,95,117,80,65,70,92,5,False,False
554,Darumaka,Fire,,False,False,315,70,90,45,15,45,50,5,False,False
555,DarmanitanStandard Mode,Fire,,False,False,480,105,140,55,30,55,95,5,False,False
555,DarmanitanZen Mode,Fire,Psychic,False,False,540,105,30,105,140,105,55,5,False,False
556,Maractus,Grass,,False,False,461,75,86,67,106,67,60,5,False,False
557,Dwebble,Bug,Rock,False,False,325,50,65,85,35,35,55,5,False,False
558,Crustle,Bug,Rock,False,False,475,70,95,125,65,75,45,5,False,False
559,Scraggy,Dark,Fighting,False,False,348,50,75,70,35,70,48,5,False,False
560,Scrafty,Dark,Fighting,False,False,488,65,90,115,45,115,58,5,False,False
561,Sigilyph,Psychic,Flying,False,False,490,72,58,80,103,80,97,5,False,False
562,Yamask,Ghost,,False,False,303,38,30,85,55,65,30,5,False,False
563,Cofagrigus,Ghost,,False,False,483,58,50,145,95,105,30,5,False,False
564,Tirtouga,Water,Rock,False,False,355,54,78,103,53,45,22,5,False,False
565,Carracosta,Water,Rock,False,False,495,74,108,133,83,65,32,5,False,False
566,Archen,Rock,Flying,False,False,401,55,112,45,74,45,70,5,False,False
567,Archeops,Rock,Flying,False,False,567,75,140,65,112,65,110,5,False,False
568,Trubbish,Poison,,False,False,329,50,50,62,40,62,65,5,False,False
569,Garbodor,Poison,,False,False,474,80,95,82,60,82,75,5,False,False
570,Zorua,Dark,,False,False,330,40,65,40,80,40,65,5,False,False
571,Zoroark,Dark,,False,False,510,60,105,60,120,60,105,5,False,False
572,Minccino,Normal,,False,False,300,55,50,40,40,40,75,5,False,False
573,Cinccino,Normal,,False,False,470,75,95,60,65,60,115,5,False,False
574,Gothita,Psychic,,False,False,290,45,30,50,55,65,45,5,False,False
575,Gothorita,Psychic,,False,False,390,60,45,70,75,85,55,5,False,False
576,Gothitelle,Psychic,,False,False,490,70,55,95,95,110,65,5,False,False
577,Solosis,Psychic,,False,False,290,45,30,40,105,50,20,5,False,False
578,Duosion,Psychic,,False,False,370,65,40,50,125,60,30,5,False,False
579,Reuniclus,Psychic,,False,False,490,110,65,75,125,85,30,5,False,False
580,Ducklett,Water,Flying,False,False,305,62,44,50,44,50,55,5,False,False
581,Swanna,Water,Flying,False,False,473,75,87,63,87,63,98,5,False,False
582,Vanillite,Ice,,False,False,305,36,50,50,65,60,44,5,False,False
583,Vanillish,Ice,,False,False,395,51,65,65,80,75,59,5,False,False
584,Vanilluxe,Ice,,False,False,535,71,95,85,110,95,79,5,False,False
585,Deerling,Normal,Grass,False,False,335,60,60,50,40,50,75,5,False,False
586,Sawsbuck,Normal,Grass,False,False,475,80,100,70,60,70,95,5,False,False
587,Emolga,Electric,Flying,False,False,428,55,75,60,75,60,103,5,False,False
588,Karrablast,Bug,,False,False,315,50,75,45,40,45,60,5,False,False
589,Escavalier,Bug,Steel,False,False,495,70,135,105,60,105,20,5,False,False
590,Foongus,Grass,Poison,False,False,294,69,55,45,55,55,15,5,False,False
591,Amoonguss,Grass,Poison,False,False,464,114,85,70,85,80,30,5,False,False
592,Frillish,Water,Ghost,False,False,335,55,40,50,65,85,40,5,False,False
593,Jellicent,Water,Ghost,False,False,480,100,60,70,85,105,60,5,False,False
594,Alomomola,Water,,False,False,470,165,75,80,40,45,65,5,False,False
595,Joltik,Bug,Electric,False,False,319,50,47,50,57,50,65,5,False,False
596,Galvantula,Bug,Electric,False,False,472,70,77,60,97,60,108,5,False,False
597,Ferroseed,Grass,Steel,False,False,305,44,50,91,24,86,10,5,False,False
598,Ferrothorn,Grass,Steel,False,False,489,74,94,131,54,116,20,5,False,False
599,Klink,Steel,,False,False,300,40,55,70,45,60,30,5,False,False
600,Klang,Steel,,False,False,440,60,80,95,70,85,50,5,False,False
601,Klinklang,Steel,,False,False,520,60,100,115,70,85,90,5,False,False
602,Tynamo,Electric,,False,False,275,35,55,40,45,40,60,5,False,False
603,Eelektrik,Electric,,False,False,405,65,85,70,75,70,40,5,False,False
604,Eelektross,Electric,,False,False,515,85,115,80,105,80,50,5,False,False
605,Elgyem,Psychic,,False,False,335,55,55,55,85,55,30,5,False,False
606,Beheeyem,Psychic,,False,False,485,75,75,75,125,95,40,5,False,False
607,Litwick,Ghost,Fire,False,False,275,50,30,55,65,55,20,5,False,False
608,Lampent,Ghost,Fire,False,False,370,60,40,60,95,60,55,5,False,False
609,Chandelure,Ghost,Fire,False,False,520,60,55,90,145,90,80,5,False,False
610,Axew,Dragon,,False,False,320,46,87,60,30,40,57,5,False,False
611,Fraxure,Dragon,,False,False,410,66,117,70,40,50,67,5,False,False
612,Haxorus,Dragon,,False,False,540,76,147,90,60,70,97,5,False,False
613,Cubchoo,Ice,,False,False,305,55,70,40,60,40,40,5,False,False
614,Beartic,Ice,,False,False,485,95,110,80,70,80,50,5,False,False
615,Cryogonal,Ice,,False,False,485,70,50,30,95,135,105,5,False,False
616,Shelmet,Bug,,False,False,305,50,40,85,40,65,25,5,False,False
617,Accelgor,Bug,,False,False,495,80,70,40,100,60,145,5,False,False
618,Stunfisk,Ground,Electric,False,False,471,109,66,84,81,99,32,5,False,False
619,Mienfoo,Fighting,,False,False,350,45,85,50,55,50,65,5,False,False
620,Mienshao,Fighting,,False,False,510,65,125,60,95,60,105,5,False,False
621,Druddigon,Dragon,,False,False,485,77,120,90,60,90,48,5,False,False
622,Golett,Ground,Ghost,False,False,303,59,74,50,35,50,35,5,False,False
623,Golurk,Ground,Ghost,False,False,483,89,124,80,55,80,55,5,False,False
624,Pawniard,Dark,Steel,False,False,340,45,85,70,40,40,60,5,False,False
625,Bisharp,Dark,Steel,False,False,490,65,125,100,60,70,70,5,False,False
626,Bouffalant,Normal,,False,False,490,95,110,95,40,95,55,5,False,False
627,Rufflet,Normal,Flying,False,False,350,70,83,50,37,50,60,5,False,False
628,Braviary,Normal,Flying,False,False,510,100,123,75,57,75,80,5,False,False
629,Vullaby,Dark,Flying,False,False,370,70,55,75,45,65,60,5,False,False
630,Mandibuzz,Dark,Flying,False,False,510,110,65,105,55,95,80,5,False,False
631,Heatmor,Fire,,False,False,484,85,97,66,105,66,65,5,False,False
632,Durant,Bug,Steel,False,False,484,58,109,112,48,48,109,5,False,False
633,Deino,Dark,Dragon,False,False,300,52,65,50,45,50,38,5,False,False
634,Zweilous,Dark,Dragon,False,False,420,72,85,70,65,70,58,5,False,False
635,Hydreigon,Dark,Dragon,False,False,600,92,105,90,125,90,98,5,False,False
636,Larvesta,Bug,Fire,False,False,360,55,85,55,50,55,60,5,False,False
637,Volcarona,Bug,Fire,False,False,550,85,60,65,135,105,100,5,False,False
638,Cobalion,Steel,Fighting,True,True,580,91,90,129,90,72,108,5,True,True
639,Terrakion,Rock,Fighting,True,True,580,91,129,90,72,90,108,5,True,True
640,Virizion,Grass,Fighting,True,True,580,91,90,72,90,129,108,5,True,True
641,TornadusIncarnate Forme,Flying,,True,True,580,79,115,70,125,80,111,5,True,True
641,TornadusTherian Forme,Flying,,True,True,580,79,100,80,110,90,121,5,True,True
642,ThundurusIncarnate Forme,Electric,Flying,True,True,580,79,115,70,125,80,111,5,True,True
642,ThundurusTherian Forme,Electric,Flying,True,True,580,79,105,70,145,80,101,5,True,True
643,Reshiram,Dragon,Fire,True,True,680,100,120,100,150,120,90,5,True,True
644,Zekrom,Dragon,Electric,True,True,680,100,150,120,120,100,90,5,True,True
645,LandorusIncarnate Forme,Ground,Flying,True,True,600,89,125,90,115,80,101,5,True,True
645,LandorusTherian Forme,Ground,Flying,True,True,600,89,145,90,105,80,91,5,True,True
646,Kyurem,Dragon,Ice,True,True,660,125,130,90,130,90,95,5,True,True
646,KyuremBlack Kyurem,Dragon,Ice,True,True,700,125,170,100,120,90,95,5,True,True
646,KyuremWhite Kyurem,Dragon,Ice,True,True,700,125,120,90,170,100,95,5,True,True
647,KeldeoOrdinary Forme,Water,Fighting,False,False,580,91,72,90,129,90,108,5,False,False
647,KeldeoResolute Forme,Water,Fighting,False,False,580,91,72,90,129,90,108,5,False,False
648,MeloettaAria Forme,Normal,Psychic,False,False,600,100,77,77,128,128,90,5,False,False
648,MeloettaPirouette Forme,Normal,Fighting,False,False,600,100,128,90,77,77,128,5,False,False
649,Genesect,Bug,Steel,False,False,600,71,120,95,120,95,99,5,False,False
650,Chespin,Grass,,False,False,313,56,61,65,48,45,38,6,False,False
651,Quilladin,Grass,,False,False,405,61,78,95,56,58,57,6,False,False
652,Chesnaught,Grass,Fighting,False,False,530,88,107,122,74,75,64,6,False,False
653,Fennekin,Fire,,False,False,307,40,45,40,62,60,60,6,False,False
654,Braixen,Fire,,False,False,409,59,59,58,90,70,73,6,False,False
655,Delphox,Fire,Psychic,False,False,534,75,69,72,114,100,104,6,False,False
656,Froakie,Water,,False,False,314,41,56,40,62,44,71,6,False,False
657,Frogadier,Water,,False,False,405,54,63,52,83,56,97,6,False,False
658,Greninja,Water,Dark,False,False,530,72,95,67,103,71,122,6,False,False
659,Bunnelby,Normal,,False,False,237,38,36,38,32,36,57,6,False,False
660,Diggersby,Normal,Ground,False,False,423,85,56,77,50,77,78,6,False,False
661,Fletchling,Normal,Flying,False,False,278,45,50,43,40,38,62,6,False,False
662,Fletchinder,Fire,Flying,False,False,382,62,73,55,56,52,84,6,False,False
663,Talonflame,Fire,Flying,False,False,499,78,81,71,74,69,126,6,False,False
664,Scatterbug,Bug,,False,False,200,38,35,40,27,25,35,6,False,False
665,Spewpa,Bug,,False,False,213,45,22,60,27,30,29,6,False,False
666,Vivillon,Bug,Flying,False,False,411,80,52,50,90,50,89,6,False,False
667,Litleo,Fire,Normal,False,False,369,62,50,58,73,54,72,6,False,False
668,Pyroar,Fire,Normal,False,False,507,86,68,72,109,66,106,6,False,False
669,Flabb,Fairy,,False,False,303,44,38,39,61,79,42,6,False,False
670,Floette,Fairy,,False,False,371,54,45,47,75,98,52,6,False,False
671,Florges,Fairy,,False,False,552,78,65,68,112,154,75,6,False,False
672,Skiddo,Grass,,False,False,350,66,65,48,62,57,52,6,False,False
673,Gogoat,Grass,,False,False,531,123,100,62,97,81,68,6,False,False
674,Pancham,Fighting,,False,False,348,67,82,62,46,48,43,6,False,False
675,Pangoro,Fighting,Dark,False,False,495,95,124,78,69,71,58,6,False,False
676,Furfrou,Normal,,False,False,472,75,80,60,65,90,102,6,False,False
677,Espurr,Psychic,,False,False,355,62,48,54,63,60,68,6,False,False
678,MeowsticMale,Psychic,,False,False,466,74,48,76,83,81,104,6,False,False
678,MeowsticFemale,Psychic,,False,False,466,74,48,76,83,81,104,6,False,False
679,Honedge,Steel,Ghost,False,False,325,45,80,100,35,37,28,6,False,False
680,Doublade,Steel,Ghost,False,False,448,59,110,150,45,49,35,6,False,False
681,AegislashBlade Forme,Steel,Ghost,False,False,520,60,150,50,150,50,60,6,False,False
681,AegislashShield Forme,Steel,Ghost,False,False,520,60,50,150,50,150,60,6,False,False
682,Spritzee,Fairy,,False,False,341,78,52,60,63,65,23,6,False,False
683,Aromatisse,Fairy,,False,False,462,101,72,72,99,89,29,6,False,False
684,Swirlix,Fairy,,False,False,341,62,48,66,59,57,49,6,False,False
685,Slurpuff,Fairy,,False,False,480,82,80,86,85,75,72,6,False,False
686,Inkay,Dark,Psychic,False,False,288,53,54,53,37,46,45,6,False,False
687,Malamar,Dark,Psychic,False,False,482,86,92,88,68,75,73,6,False,False
688,Binacle,Rock,Water,False,False,306,42,52,67,39,56,50,6,False,False
689,Barbaracle,Rock,Water,False,False,500,72,105,115,54,86,68,6,False,False
690,Skrelp,Poison,Water,False,False,320,50,60,60,60,60,30,6,False,False
691,Dragalge,Poison,Dragon,False,False,494,65,75,90,97,123,44,6,False,False
692,Clauncher,Water,,False,False,330,50,53,62,58,63,44,6,False,False
693,Clawitzer,Water,,False,False,500,71,73,88,120,89,59,6,False,False
694,Helioptile,Electric,Normal,False,False,289,44,38,33,61,43,70,6,False,False
695,Heliolisk,Electric,Normal,False,False,481,62,55,52,109,94,109,6,False,False
696,Tyrunt,Rock,Dragon,False,False,362,58,89,77,45,45,48,6,False,False
697,Tyrantrum,Rock,Dragon,False,False,521,82,121,119,69,59,71,6,False,False
698,Amaura,Rock,Ice,False,False,362,77,59,50,67,63,46,6,False,False
699,Aurorus,Rock,Ice,False,False,521,123,77,72,99,92,58,6,False,False
700,Sylveon,Fairy,,False,False,525,95,65,65,110,130,60,6,False,False
701,Hawlucha,Fighting,Flying,False,False,500,78,92,75,74,63,118,6,False,False
702,Dedenne,Electric,Fairy,False,False,431,67,58,57,81,67,101,6,False,False
703,Carbink,Rock,Fairy,False,False,500,50,50,150,50,150,50,6,False,False
704,Goomy,Dragon,,False,False,300,45,50,35,55,75,40,6,False,False
705,Sliggoo,Dragon,,False,False,452,68,75,53,83,113,60,6,False,False
706,Goodra,Dragon,,False,False,600,90,100,70,110,150,80,6,False,False
707,Klefki,Steel,Fairy,False,False,470,57,80,91,80,87,75,6,False,False
708,Phantump,Ghost,Grass,False,False,309,43,70,48,50,60,38,6,False,False
709,Trevenant,Ghost,Grass,False,False,474,85,110,76,65,82,56,6,False,False
710,PumpkabooAverage Size,Ghost,Grass,False,False,335,49,66,70,44,55,51,6,False,False
710,PumpkabooSmall Size,Ghost,Grass,False,False,335,44,66,70,44,55,56,6,False,False
710,PumpkabooLarge Size,Ghost,Grass,False,False,335,54,66,70,44,55,46,6,False,False
710,PumpkabooSuper Size,Ghost,Grass,False,False,335,59,66,70,44,55,41,6,False,False
711,GourgeistAverage Size,Ghost,Grass,False,False,494,65,90,122,58,75,84,6,False,False
711,GourgeistSmall Size,Ghost,Grass,False,False,494,55,85,122,58,75,99,6,False,False
711,GourgeistLarge Size,Ghost,Grass,False,False,494,75,95,122,58,75,69,6,False,False
711,GourgeistSuper Size,Ghost,Grass,False,False,494,85,100,122,58,75,54,6,False,False
712,Bergmite,Ice,,False,False,304,55,69,85,32,35,28,6,False,False
713,Avalugg,Ice,,False,False,514,95,117,184,44,46,28,6,False,False
714,Noibat,Flying,Dragon,False,False,245,40,30,35,45,40,55,6,False,False
715,Noivern,Flying,Dragon,False,False,535,85,70,80,97,80,123,6,False,False
716,Xerneas,Fairy,,True,True,680,126,131,95,131,98,99,6,True,True
717,Yveltal,Dark,Flying,True,True,680,126,131,95,131,98,99,6,True,True
718,Zygarde50% Forme,Dragon,Ground,True,True,600,108,100,121,81,95,95,6,True,True
719,Diancie,Rock,Fairy,True,True,600,50,100,150,100,150,50,6,True,True
719,DiancieMega Diancie,Rock,Fairy,True,True,700,50,160,110,160,110,110,6,True,True
720,HoopaHoopa Confined,Psychic,Ghost,True,True,600,80,110,60,150,130,70,6,True,True
720,HoopaHoopa Unbound,Psychic,Dark,True,True,680,80,160,60,170,130,80,6,True,True
721,Volcanion,Fire,Water,True,True,600,80,110,120,130,90,70,6,True,True
